grid_id,district_name,base_year,target_year,year,risk_state,rvri,mismatch_gap,delta_rvri,delta_mismatch_gap,spatial_lag_rvri,neighbor_high_ratio,neighbor_env_level,lisa_type,is_edge_zone,neighbor_count,pred_probability,prob_rank_pct,top_decile_flag
G_027818,浈江区,2023,2024,2023,0,0.3029704230804957,-9.882259755769812,-0.1449208543885167,-2.5781314799564576,0.3247799633281397,0.0,low,LL,0,8,0.3803946471195472,1.0,1
G_028020,浈江区,2023,2024,2023,0,0.286295929819337,-11.689609038476558,-0.1764558787419095,-3.6893988411621663,0.3883393258059521,0.1428571428571428,low,LL,0,7,0.35173917412847167,0.9945054945054945,1
G_028022,浈江区,2023,2024,2023,0,0.3042284901723979,-9.836200311100647,-0.1966502176381859,-4.634605621655723,0.3582991331536655,0.125,low,LL,0,8,0.34981827659920345,0.989010989010989,1
G_055369,翁源县,2023,2024,2023,0,0.2772806257479628,-11.771683116423548,-0.1669614609937577,-3.693184970778846,0.3251961820069791,0.125,low,LL,0,8,0.24604264356161992,0.9835164835164835,1
G_057089,翁源县,2023,2024,2023,0,0.3016221978657388,-12.062301448558491,-0.1344761644228576,-2.8100343700725414,0.4284730099397139,0.5,low,LL,0,8,0.2457182265130043,0.978021978021978,1
G_071766,南雄市,2023,2024,2023,0,0.2645770112573292,-12.005363845540554,-0.0720955003332223,0.1964741433862773,0.4067583010176933,0.375,low,LL,0,8,0.23180936205501138,0.9725274725274725,1
G_019670,乐昌市,2023,2024,2023,0,0.2642644216268044,-10.028629201382104,-0.0922717379584218,-0.3090230094229689,0.4085963099468278,0.5,low,LL,0,8,0.2115835644913882,0.967032967032967,1
G_028228,浈江区,2023,2024,2023,0,0.2939585434799737,-5.720448657993465,-0.0938988170572467,-1.0200429510361406,0.4319384148730528,0.375,low,LL,0,8,0.20763035783091202,0.9615384615384616,1
G_072034,南雄市,2023,2024,2023,0,0.279901825590371,-13.01801232299576,-0.1189439971990963,-1.9034904651929767,0.4220584710880225,0.4285714285714285,low,LL,0,7,0.20612668872139642,0.9560439560439561,1
G_055370,翁源县,2023,2024,2023,0,0.2375639846894675,-13.305521307660634,-0.2469059862535657,-6.930630395574881,0.337414698421696,0.25,low,LL,0,8,0.18950517910793396,0.9505494505494505,1
G_027815,浈江区,2023,2024,2023,0,0.2917769005940214,-13.010385422964276,-0.1386133261681391,-2.722733181240077,0.2217468988089429,0.0,low,LL,0,6,0.18602139167380022,0.945054945054945,1
G_028019,浈江区,2023,2024,2023,0,0.2224176645769064,-13.046729882725693,-0.2085345030858302,-4.516259448303684,0.3928961441421264,0.3333333333333333,low,LL,0,6,0.18481138214236106,0.9395604395604396,1
G_055717,翁源县,2023,2024,2023,0,0.2496887090299691,-10.969527138252063,-0.0559920314246163,0.4077802754153374,0.3119044788505032,0.125,low,LL,0,8,0.18041535689138924,0.9340659340659341,1
G_029035,曲江区,2023,2024,2023,0,0.276896793214204,-11.883525715493969,-0.0822644215863241,0.7567485508609479,0.3404524227441565,0.125,low,LL,0,8,0.17934255001091515,0.9285714285714286,1
G_071903,南雄市,2023,2024,2023,0,0.2980404930482582,-12.135000525137617,-0.0602798312810822,-0.3698620353723427,0.391172787434451,0.4285714285714285,low,LL,0,7,0.16890082350876764,0.9230769230769231,1
G_026967,曲江区,2023,2024,2023,0,0.3155421126708933,-9.357442519320076,-0.0580493279428305,0.7954795170306408,0.3083472672636618,0.0,low,LL,0,8,0.16621180116335454,0.9175824175824175,1
G_013390,乳源瑶族自治县,2023,2024,2023,0,0.3066673745657328,-7.2598105784975795,-0.0945771433799486,-1.4240254467435047,0.408259764685264,0.25,low,LL,0,8,0.16280988733983798,0.9120879120879121,1
G_028612,曲江区,2023,2024,2023,0,0.2817325049407608,-9.116121178926353,-0.1269625779826204,-1.707036145167086,0.4048253228878423,0.125,low,LL,0,8,0.1604548902120919,0.9065934065934066,1
G_026161,浈江区,2023,2024,2023,0,0.2508333231887229,-4.65730441684671,-0.1373092418563214,-1.532422397980341,0.3980447313642275,0.25,low,LL,0,8,0.15962794616304798,0.9010989010989011,1
G_059001,新丰县,2023,2024,2023,0,0.2788250261793134,-11.841421666807513,-0.0163410146476037,2.3902153457314306,0.3143339921904357,0.125,low,LL,0,8,0.15904782097210202,0.8956043956043956,0
G_028614,曲江区,2023,2024,2023,0,0.2807523571122043,-9.834003718393362,-0.4002838733395572,-12.103083684484677,0.413291676488239,0.125,low,LL,0,8,0.15784806674584692,0.8901098901098901,0
G_055718,翁源县,2023,2024,2023,0,0.1880759070190957,-12.619623457069851,-0.1234004261528312,-1.5672910495408274,0.2785364420969121,0.0,low,LL,0,8,0.1561246902668753,0.8846153846153846,0
G_028428,浈江区,2023,2024,2023,0,0.3019730798186625,-5.196358549221936,-0.0618089176757102,-0.1476644753629932,0.465617127138975,0.4285714285714285,low,LL,0,7,0.15495983944247654,0.8791208791208791,0
G_057426,翁源县,2023,2024,2023,0,0.266065131827819,-10.802452482586697,-0.1689114326620382,-4.441251376047714,0.4138013047606367,0.5,low,LL,0,8,0.15484203910191782,0.8736263736263736,0
G_060601,新丰县,2023,2024,2023,0,0.3051082290971045,-9.660596508851654,0.0865135070252414,6.146091220744832,0.3431182839732476,0.25,low,LL,0,8,0.15417997927184812,0.8681318681318682,0
G_027814,浈江区,2023,2024,2023,0,0.2341350535581842,-12.99542726304159,-0.0481431640737817,1.0342022869641685,0.2227124225703699,0.0,low,LL,0,6,0.14209728572014255,0.8626373626373627,0
G_026968,曲江区,2023,2024,2023,0,0.2870975504307169,-11.516151067145806,-0.0355798572009259,0.1235923012139537,0.3086003109012141,0.0,low,LL,0,8,0.14183857056650387,0.8571428571428572,0
G_027173,曲江区,2023,2024,2023,0,0.3086499696451187,-10.155355230432567,-0.0077287468534372,2.092798613401744,0.3412741827015774,0.25,low,LL,0,8,0.14022077291655105,0.8516483516483516,0
G_024587,武江区,2023,2024,2023,0,0.3004911159953352,-11.33676619783584,-0.0821540585328702,-1.2445392150452914,0.3938955048145449,0.0,low,LL,0,8,0.13876256424433794,0.8461538461538461,0
G_060600,新丰县,2023,2024,2023,0,0.3066836116881017,-7.350582652083728,0.0725287997098332,6.120829179716076,0.3301787938068795,0.125,low,LL,0,8,0.1352322268057646,0.8406593406593407,0
G_026969,曲江区,2023,2024,2023,0,0.2848307536882452,-10.765991092116304,-0.0609095647301814,0.382542706850117,0.3528754205128024,0.25,low,LL,0,8,0.13427982425756776,0.8351648351648352,0
G_019671,乐昌市,2023,2024,2023,0,0.2539405708191742,-6.48816800993748,-0.1533633524704108,-2.825543796369125,0.4077745900692734,0.5,low,LL,0,8,0.12976768151808496,0.8296703296703296,0
G_027813,浈江区,2023,2024,2023,0,0.228209155449744,-12.43151450780374,-0.016498341245856,2.4220910846560813,0.3060131670997363,0.2,low,LL,0,5,0.12846818830270898,0.8241758241758241,0
G_027819,浈江区,2023,2024,2023,0,0.1724402829975788,-8.36637673414228,-0.1513188474194177,-2.247796610001739,0.3675346430477904,0.25,low,LL,0,8,0.12827679121358912,0.8186813186813187,0
G_026971,曲江区,2023,2024,2023,0,0.2596293565963636,-12.61188943233658,-0.1854356313899102,-4.206519733041281,0.392788834556353,0.375,low,LL,0,8,0.1253423792700354,0.8131868131868132,0
G_012925,乳源瑶族自治县,2023,2024,2023,0,0.3069816584631333,-6.9349541279895135,-0.1167623286500775,-1.7635072064664865,0.4037101758144555,0.5,low,LL,0,8,0.12450022332010134,0.8076923076923077,0
G_056065,翁源县,2023,2024,2023,0,0.2694084992178746,-12.102626931792756,-0.0665027588563131,-0.0780261821983874,0.2431876966813812,0.0,low,LL,0,6,0.1228657266181197,0.8021978021978022,0
G_029248,曲江区,2023,2024,2023,0,0.2622398067158858,-11.8693703471153,-0.1586424490832224,-2.802743711378559,0.3132164778554347,0.0,low,LL,0,7,0.12177246268318272,0.7967032967032968,0
G_060287,新丰县,2023,2024,2023,0,0.1763180409043972,-15.196322497663132,0.0181158694440438,4.091230016276793,0.2431237913492301,0.0,low,LL,0,8,0.1210218559499968,0.7912087912087912,0
G_059965,新丰县,2023,2024,2023,0,0.2511174648486146,-10.267571186509892,0.1201215045832335,7.8611568529629725,0.3175951564071855,0.125,low,LL,0,8,0.12034354752777107,0.7857142857142857,0
G_028406,曲江区,2023,2024,2023,0,0.297323131214957,-8.357794777341322,-0.039345120025838,1.4506395465169426,0.4554160126150636,0.5,low,LL,0,8,0.11882449340187108,0.7802197802197802,0
G_029037,曲江区,2023,2024,2023,0,0.3125408224842645,-7.225362765260122,-0.0244237338598901,1.6910359027883466,0.4251175497538989,0.375,low,LL,0,8,0.11703523948906121,0.7747252747252747,0
G_056751,翁源县,2023,2024,2023,0,0.3075677717463965,-11.810318830246649,-0.0883633648764254,-1.3073220078604937,0.4295774865525363,0.25,low,LL,0,4,0.11450139193496013,0.7692307692307692,0
G_028220,浈江区,2023,2024,2023,0,0.3193124994099225,-7.024849749459587,-0.1114578606736783,-2.2720416899753992,0.3846554564142367,0.2,low,LL,0,5,0.11423216307748345,0.7637362637362637,0
G_036931,仁化县,2023,2024,2023,0,0.3046961486103888,-5.1822614009042445,-0.0794315997057761,-0.4182347131096628,0.4734327224416634,0.625,low,LL,0,8,0.11294877143413495,0.7582417582417582,0
G_027393,浈江区,2023,2024,2023,0,0.3093144791910977,-2.59072264228588,-0.0580753727611723,0.6447757934883214,0.4631331318908787,0.5714285714285714,low,LL,0,7,0.11111149378154564,0.7527472527472527,0
G_059642,新丰县,2023,2024,2023,0,0.2547302690693028,-9.079328178472233,-0.2739950016044606,-6.602948787755628,0.3830117350073065,0.25,low,LL,0,8,0.10945214254850774,0.7472527472527473,0
G_017883,乳源瑶族自治县,2023,2024,2023,0,0.2736123813815738,-5.357834438664818,-0.1141254357794923,-0.6703988193349453,0.3872764580790445,0.1428571428571428,low,LL,0,7,0.10938166516517032,0.7417582417582418,0
G_056066,翁源县,2023,2024,2023,0,0.09806691227869,-17.013952587234744,-0.1514289508962676,-1.2485167316390449,0.3387150380408107,0.2857142857142857,low,LL,0,7,0.10731335291921025,0.7362637362637363,0
G_059968,新丰县,2023,2024,2023,0,0.2120930019087573,-14.988261580315363,-0.5735830816318015,-18.362036271620344,0.2813899663062406,0.125,low,LL,0,8,0.10660923325908495,0.7307692307692308,0
G_028431,浈江区,2023,2024,2023,0,0.267490911782535,-5.604438742345687,-0.1125592692381544,-2.0075812494289287,0.3951864671293559,0.1666666666666666,low,LL,0,6,0.10458030512940449,0.7252747252747253,0
G_026390,浈江区,2023,2024,2023,0,0.2919590054470686,-4.821131376589232,-0.1032130816271408,-0.930072720915212,0.4635201784486099,0.5,low,LL,0,6,0.10233424544368196,0.7197802197802198,0
G_024977,武江区,2023,2024,2023,0,0.3018987854274359,-9.645107385396312,-0.0773383052086293,-0.1228122837399041,0.3072654774065338,0.0,low,LL,0,8,0.10131520950329517,0.7142857142857143,0
G_060286,新丰县,2023,2024,2023,0,0.1729790461213635,-12.85610196081728,0.0407557950444555,6.2122751575784285,0.2457858987880336,0.0,low,LL,0,8,0.10113987562600989,0.7087912087912087,0
G_059646,新丰县,2023,2024,2023,0,0.2697668553537146,-9.444398668406729,0.0435324567606967,4.354197707043408,0.2455384636149601,0.0,low,LL,0,8,0.10039339550437845,0.7032967032967032,0
G_059967,新丰县,2023,2024,2023,0,0.1535867515857096,-16.857068075519273,-0.1046649433010858,-0.2961918523958999,0.1846198219004431,0.0,low,LL,0,8,0.0985305153882571,0.6978021978021978,0
G_029249,曲江区,2023,2024,2023,0,0.1688626926919625,-13.42359243168282,-0.1206383177275368,-0.4591762077408532,0.3595512985216589,0.25,low,LL,0,8,0.09788000943383275,0.6923076923076923,0
G_019900,乐昌市,2023,2024,2023,0,0.3090079481081726,-3.3902271415857217,-0.1255093275509817,-2.3478485822253328,0.3921703159433233,0.4285714285714285,low,LL,0,7,0.09703179045806212,0.6868131868131868,0
G_059323,新丰县,2023,2024,2023,0,0.1752734312837645,-15.287517136380917,-0.1172258674818099,-0.7318817144810463,0.2587542404628451,0.125,low,LL,0,8,0.09660750462856192,0.6813186813186813,0
G_027376,曲江区,2023,2024,2023,0,0.2792103466582836,-7.770096487864178,-0.0702733857061865,-0.1436681911009802,0.3393300970995319,0.125,low,LL,0,8,0.09592181703032228,0.6758241758241759,0
G_024780,武江区,2023,2024,2023,0,0.2987165544640187,-10.731831012630453,-0.1068686280169168,-1.2511976173820312,0.2644057933510002,0.0,low,LL,0,8,0.09505517368313615,0.6703296703296704,0
G_072159,南雄市,2023,2024,2023,0,0.2225728116568181,-11.875989380131417,-0.1432603086612353,-3.3395068561061425,0.478723937672332,0.7142857142857143,low,LL,0,7,0.09465793315223002,0.6648351648351649,0
G_059644,新丰县,2023,2024,2023,0,0.1983465228783299,-14.505589109656706,-0.0849361163507008,0.2037874696846824,0.2258629728870188,0.125,low,LL,0,8,0.09462676140011633,0.6593406593406593,0
G_056410,翁源县,2023,2024,2023,0,0.2380944485755054,-12.612166098584364,-0.0432336019001589,1.3176343565271047,0.3071844750435326,0.3333333333333333,low,LL,0,6,0.09415850951208868,0.6538461538461539,0
G_026565,曲江区,2023,2024,2023,0,0.3155857184955583,-6.1464320517754825,-0.0613139025248711,0.0904252326841135,0.4523774407254559,0.5,low,LL,0,8,0.09371897870714274,0.6483516483516483,0
G_017882,乳源瑶族自治县,2023,2024,2023,0,0.3196101512164849,-5.313005895192026,-0.0890626848423072,-1.473312679691321,0.4400458176818821,0.4285714285714285,low,LL,0,7,0.09364905170445341,0.6428571428571428,0
G_059322,新丰县,2023,2024,2023,0,0.1097393221754002,-17.31588738974303,-0.1309146678680408,-0.8104466703956739,0.3177631286623971,0.25,low,LL,0,8,0.0927368957535644,0.6373626373626373,0
G_028845,浈江区,2023,2024,2023,0,0.2621556946681433,-4.970944701572809,-0.069224592544372,0.000498168913217,0.3693861580810018,0.1666666666666666,low,LL,0,6,0.09206127211298006,0.6318681318681318,0
G_059963,新丰县,2023,2024,2023,0,0.2379935350315708,-9.007428054408908,-0.1605187226112081,-2.906990987271568,0.2928123744317416,0.0,low,LL,0,8,0.09109104753209103,0.6263736263736264,0
G_024183,武江区,2023,2024,2023,0,0.3064528374872918,-9.940344599065265,-0.05338353238589,1.108336050802512,0.3368009592001257,0.25,low,LL,0,8,0.09101770076818132,0.6208791208791209,0
G_027203,武江区,2023,2024,2023,0,0.3112001291362524,-9.83905034863547,-0.1189391439734073,-1.9844680727126445,0.2705382941345272,0.0,low,LL,0,8,0.08924844962104085,0.6153846153846154,0
G_025963,浈江区,2023,2024,2023,0,0.2888757641866527,-5.550660794334524,-0.0594294788311952,0.6805397147149854,0.3729471995624437,0.2,low,LL,0,5,0.08723157238840185,0.6098901098901099,0
G_059647,新丰县,2023,2024,2023,0,0.313489187172683,-5.665055114635704,-0.0397881570685645,0.7987558263694208,0.3358522499440917,0.0,low,LL,0,7,0.08620244706415338,0.6043956043956045,0
G_015513,乳源瑶族自治县,2023,2024,2023,0,0.3033413811658947,-2.520718677713376,-0.1046033566846366,-1.198312828569005,0.3977237127944974,0.375,low,LL,0,8,0.08434703900347472,0.5989010989010989,0
G_027172,曲江区,2023,2024,2023,0,0.1527140398782944,-12.33949221778335,-0.0791991913967452,0.8815019154302011,0.3091459593914701,0.0,low,LL,0,8,0.08417086036796144,0.5934065934065934,0
G_033020,仁化县,2023,2024,2023,0,0.217882914035821,-11.620167497286062,-0.1925706963176242,-4.011572051489162,0.4682727310606873,0.7142857142857143,low,LL,0,7,0.08328960036293016,0.5879120879120879,0
G_029464,曲江区,2023,2024,2023,0,0.2987945064280866,-7.8989450417154865,-0.0030498366226467,2.5829308559229416,0.3629036043184716,0.2857142857142857,low,LL,0,7,0.08281837401562955,0.5824175824175823,0
G_024976,武江区,2023,2024,2023,0,0.2636930053214731,-9.636711330057183,-0.0319474695438892,2.147428898024277,0.2951815432463866,0.0,low,LL,0,8,0.08250024211256653,0.5769230769230769,0
G_028015,浈江区,2023,2024,2023,0,0.2978939073549891,-6.649971709859052,-0.0445463973801378,0.919894615821608,0.3794339436764732,0.4,low,LL,0,5,0.08225926834916882,0.5714285714285714,0
G_023984,武江区,2023,2024,2023,0,0.3176745086572569,-4.193355131202308,-0.1253248353064695,-1.8304717800333443,0.5068839417946884,0.75,low,NS,0,8,0.08065582697564244,0.5659340659340659,0
G_027171,曲江区,2023,2024,2023,0,0.296197685612806,-6.98614221919917,-0.1328771491003603,-2.0569371388931907,0.2960159574450798,0.0,low,LL,0,7,0.07720616768666431,0.5604395604395604,0
G_028636,浈江区,2023,2024,2023,0,0.3036781964788695,-3.976869305827685,-0.0598329710226174,-0.8641448923676567,0.3493829896118472,0.0,low,LL,0,5,0.07663161952339838,0.554945054945055,0
G_027615,浈江区,2023,2024,2023,0,0.2520395520259295,-7.799910163885646,0.0,0.0,0.3930503842580531,0.5714285714285714,low,LL,0,7,0.0752505222569554,0.5494505494505495,0
G_026183,武江区,2023,2024,2023,0,0.2620223296944334,-9.58378505072888,-0.1246436190908493,-1.388879529716197,0.2926721625281508,0.0,low,LL,0,8,0.07517266957611753,0.543956043956044,0
G_029470,曲江区,2023,2024,2023,0,0.3060310724304187,-5.07144870144213,-0.0877475781018912,-0.0861312832899674,0.4508592433795647,0.625,low,LL,0,8,0.07439554853817089,0.5384615384615384,0
G_038002,翁源县,2023,2024,2023,0,0.3170437882593227,-3.000458603784618,-0.0228267585139249,1.309710125793523,0.4441729919566509,0.5714285714285714,low,LL,0,7,0.07390938668710594,0.532967032967033,0
G_027204,武江区,2023,2024,2023,0,0.3177705493140775,-7.539543990136601,-0.1062001937807876,-1.4199304475015824,0.3209161985578043,0.125,low,LL,0,8,0.07369118515457702,0.5274725274725275,0
G_024184,武江区,2023,2024,2023,0,0.2605041681683569,-11.602277483477971,-0.0616739497095262,0.845448417901169,0.2753125303498883,0.125,low,LL,0,8,0.07342087123965646,0.5219780219780219,0
G_027202,武江区,2023,2024,2023,0,0.2705115422321382,-11.934954605032978,-0.0951787282404711,-1.2411747163926776,0.2378477487866082,0.0,low,LL,0,8,0.07334659633270794,0.5164835164835164,0
G_028828,曲江区,2023,2024,2023,0,0.280945808514663,-3.933482825657274,-0.2349933200330219,-4.913959346244921,0.515810684850919,0.6666666666666666,low,NS,0,6,0.07251965837908958,0.510989010989011,0
G_027177,曲江区,2023,2024,2023,0,0.3149509099374037,-7.544718312371329,-0.095049593931124,-0.7189550829376969,0.4168111410071584,0.5714285714285714,low,LL,0,7,0.07022931956354625,0.5054945054945055,0
G_027176,曲江区,2023,2024,2023,0,0.2673433493874663,-7.282008973695501,-0.1537146042121024,-2.3766300874902804,0.3589434992856072,0.1428571428571428,low,LL,0,7,0.07000409712961174,0.5,0
G_026560,曲江区,2023,2024,2023,0,0.2273581050622057,-5.705211449075698,-0.1104141697834988,-1.4577340734784077,0.3770955853485029,0.0,low,LL,0,8,0.0696187105224947,0.4945054945054945,0
G_056752,翁源县,2023,2024,2023,0,0.2140754318211904,-13.179096045163892,-0.147450508616773,-2.5056626037103378,0.438710993427177,0.6,low,LL,0,5,0.06623491349254673,0.48901098901098905,0
G_024779,武江区,2023,2024,2023,0,0.2137795007308371,-10.416028025406026,-0.1117478887447479,0.1793639527697248,0.2777333601562782,0.0,low,LL,0,8,0.06513985456655444,0.48351648351648346,0
G_027406,武江区,2023,2024,2023,0,0.2390610592792212,-12.066606613104051,-0.1213772615229966,-2.034076327273916,0.255366963405215,0.0,low,LL,0,8,0.06485753927530731,0.478021978021978,0
G_059966,新丰县,2023,2024,2023,0,0.0359084099194632,-18.316319373937823,0.0359084099194632,6.432887647073041,0.2566407260192541,0.125,low,LL,0,8,0.06459136707963792,0.4725274725274725,0
G_024975,武江区,2023,2024,2023,0,0.3053588010036647,-8.621442614474367,-0.0872387791327722,-0.536563911558078,0.353968017890067,0.375,low,LL,0,8,0.06430084910786853,0.46703296703296704,0
G_027810,浈江区,2023,2024,2023,0,0.2881114163228565,-5.353309559692326,-0.2200354494045908,-6.1117600447047336,0.4167048703728577,0.6666666666666666,low,LL,0,6,0.06430006302097108,0.46153846153846156,0
G_027200,武江区,2023,2024,2023,0,0.2684751172391224,-13.05536660175546,-0.1214242658954628,-2.2634913025653685,0.247265379859171,0.0,low,LL,0,7,0.06209129510449753,0.4560439560439561,0
G_059962,新丰县,2023,2024,2023,0,0.3046734426420719,-5.149826258295686,-0.1012832984491894,-1.0550773640798656,0.2675862691299158,0.0,low,LL,0,7,0.06122708394594401,0.4505494505494505,0
G_059645,新丰县,2023,2024,2023,0,0.0098148768003623,-20.87279213555246,-0.1582154495257779,-0.940678551618447,0.1875547677996681,0.0,low,LL,0,8,0.06112241290439918,0.44505494505494503,0
G_061221,新丰县,2023,2024,2023,0,0.265178496142166,-4.608896817372088,-0.0759246999408813,0.2758847680607674,0.4337331146199823,0.5,low,LL,0,8,0.05961540796721726,0.43956043956043955,0
G_057350,新丰县,2023,2024,2023,0,0.2354002060157954,-7.492836982492975,-0.026126192368307,1.4924879600143868,0.4571635968134797,0.8,mid,LL,0,5,0.05848219672435138,0.4340659340659341,0
G_024582,武江区,2023,2024,2023,0,0.1768559893046106,-13.23261790485599,-0.1255332189840546,-0.0801304232700417,0.2713914598463757,0.125,low,LL,0,8,0.058196776632449924,0.4285714285714286,0
G_026593,武江区,2023,2024,2023,0,0.3138241470258326,-5.391103983234693,-0.065197586144209,0.1946896513412968,0.3322909200031847,0.125,low,LL,0,8,0.05805211365197366,0.42307692307692313,0
G_026979,浈江区,2023,2024,2023,0,0.1819937937170904,-6.376753119352112,-0.0561755335554043,1.467636096848449,0.4126849430658387,0.2,low,LL,0,5,0.05649716260736217,0.41758241758241754,0
G_024384,武江区,2023,2024,2023,0,0.2731677415676762,-9.181663387632604,-0.1441413426442799,-2.1598862737669293,0.2886991636330969,0.25,low,LL,0,8,0.05608439455560718,0.41208791208791207,0
G_026796,武江区,2023,2024,2023,0,0.2851347440482392,-9.429966804347078,-0.1545498608076206,-3.458392062084938,0.212670341281662,0.0,low,LL,0,8,0.05427744288989149,0.4065934065934066,0
G_024583,武江区,2023,2024,2023,0,0.2760254578051256,-7.139879895820577,-0.0928002171589199,-0.1351859415510752,0.3371910169869068,0.25,low,LL,0,8,0.05359552155573984,0.4010989010989011,0
G_015274,乳源瑶族自治县,2023,2024,2023,0,0.2434188889821448,-5.671898954645513,-0.1646809456678595,-3.5020810784787813,0.4454239508379963,0.75,low,LL,0,8,0.05341839827532396,0.39560439560439564,0
G_025174,武江区,2023,2024,2023,0,0.2593241252553979,-6.938129384817616,-0.0800026443127044,0.153416228700129,0.3095333987494695,0.0,low,LL,0,8,0.05312852611317226,0.39010989010989006,0
G_024581,武江区,2023,2024,2023,0,0.181082168132819,-11.190682919674622,-0.0767419273018182,1.695724293066819,0.2657318150024554,0.0,low,LL,0,8,0.053007330171968035,0.3846153846153846,0
G_027000,武江区,2023,2024,2023,0,0.2761033581602866,-8.189298319886213,-0.1104962697992947,-1.4784853436105443,0.2554341559185397,0.0,low,LL,0,8,0.052996401204969595,0.3791208791208791,0
G_026999,武江区,2023,2024,2023,0,0.1975608476266372,-13.471820466389495,-0.2107263520725751,-4.450270349586267,0.2140773314355535,0.0,low,LL,0,8,0.05286042533291524,0.37362637362637363,0
G_060283,新丰县,2023,2024,2023,0,0.1509997471930047,-8.125383476035443,-0.1956452595406252,-2.852520198064762,0.3323918807195722,0.125,low,LL,0,8,0.051390333702372275,0.36813186813186816,0
G_012924,乳源瑶族自治县,2023,2024,2023,0,0.190097589411268,-5.8535343212910815,-0.1109400622887767,-0.8401509539060017,0.4060978995224785,0.2857142857142857,low,LL,0,7,0.04971410586407362,0.3626373626373627,0
G_024982,武江区,2023,2024,2023,0,0.3188977158122537,-4.011113956572142,-0.0114507159214954,1.6145025439607883,0.3958501260096944,0.25,low,LL,0,8,0.04958019796898656,0.3571428571428571,0
G_026996,武江区,2023,2024,2023,0,0.2698779125212739,-11.61288521570584,-0.1103361814010223,-1.4516169480709298,0.2097411105128407,0.0,low,LL,0,7,0.04926098635176387,0.3516483516483516,0
G_025960,曲江区,2023,2024,2023,0,0.2850399117366634,-5.174991457108951,-0.1756492250667804,-3.277496921312405,0.3923460075458245,0.1666666666666666,low,LL,0,6,0.04914025549155023,0.34615384615384615,0
G_059641,新丰县,2023,2024,2023,0,0.2437353697965448,-6.833681890615235,-0.2969388551265519,-8.06267361938255,0.3261692477874547,0.1428571428571428,low,LL,0,7,0.04874438840777782,0.34065934065934067,0
G_026997,武江区,2023,2024,2023,0,0.156155971894482,-16.03498295302576,-0.1380832418735871,-1.5866488861601429,0.174549212384887,0.0,low,LL,0,8,0.048260154213968974,0.3351648351648352,0
G_025173,武江区,2023,2024,2023,0,0.2813730700715508,-7.079926298294655,-0.0953572022898697,-0.3575896685913999,0.3626608283538638,0.375,low,LL,0,8,0.047953298019663027,0.3296703296703297,0
G_027611,武江区,2023,2024,2023,0,0.1324168012084704,-14.960811335020006,-0.1263229686347717,-0.5663406767011168,0.2743522901336855,0.0,low,LL,0,7,0.047650336918135576,0.32417582417582413,0
G_024383,武江区,2023,2024,2023,0,0.1371223630910425,-12.794371364892209,-0.0880084919190911,1.2020217968342737,0.2981517573055245,0.125,low,LL,0,8,0.04627507932688109,0.31868131868131866,0
G_023978,武江区,2023,2024,2023,0,0.1632189926244331,-11.761277669440618,-0.2727167499747711,-5.4648272796149975,0.3822112760323687,0.375,low,LL,0,8,0.04598133313070686,0.3131868131868132,0
G_029664,曲江区,2023,2024,2023,0,0.3115448221162178,-3.4295412851684066,-0.04455127797057,0.3354626176211575,0.4283534483571397,0.4285714285714285,low,LL,0,7,0.045746000250582286,0.3076923076923077,0
G_027001,武江区,2023,2024,2023,0,0.2940042865075884,-4.752398990582936,-0.0922041307273326,-0.848225591180884,0.3319865534153803,0.125,low,LL,0,8,0.04564320781456143,0.30219780219780223,0
G_036352,仁化县,2023,2024,2023,0,0.3163197079853393,-2.874553949248837,-0.0902560363575011,-1.350706387621276,0.4335738750786562,0.5,low,LL,0,6,0.045185606230188476,0.29670329670329665,0
G_026387,武江区,2023,2024,2023,0,0.2426047432749119,-10.3255457191199,-0.0947877687819183,-0.6714085625981259,0.1856392299414406,0.0,low,LL,0,8,0.04399099585054029,0.2912087912087912,0
G_017643,乳源瑶族自治县,2023,2024,2023,0,0.2964188057079249,-6.048618879435258,-0.0611917969497418,0.3465589777944409,0.3843875099442975,0.25,low,LL,0,4,0.043832909591553934,0.2857142857142857,0
G_056673,新丰县,2023,2024,2023,0,0.2746272539364087,-3.92442022794177,-0.0751087644120356,-0.7963485793070411,0.5006194758750698,0.6,low,NS,0,5,0.0417051357415383,0.2802197802197802,0
G_060598,新丰县,2023,2024,2023,0,0.2263524655031253,-6.673764011099912,-0.1243119424763471,-0.9924939767148544,0.3176439338295063,0.0,low,LL,0,6,0.04076404564441572,0.27472527472527475,0
G_026998,武江区,2023,2024,2023,0,0.1252126913821737,-16.304477648884763,-0.1675937227517875,-2.3993610544316173,0.1739916205635217,0.0,low,LL,0,8,0.040523502091996594,0.2692307692307693,0
G_027201,武江区,2023,2024,2023,0,0.1733142171604867,-14.261064275733974,-0.1866888860025171,-3.451131207834745,0.2371377052467616,0.0,low,LL,0,7,0.03977819534773178,0.2637362637362637,0
G_026386,武江区,2023,2024,2023,0,0.1516272238392778,-15.752369815841991,-0.5846051644253321,-18.58638463982708,0.2338574510631674,0.125,low,LL,0,8,0.03901576497745586,0.2582417582417582,0
G_027199,武江区,2023,2024,2023,0,0.2685669624434884,-12.886304266739238,-0.1810107898854124,-4.341818065989598,0.287462164302055,0.0,low,LL,0,5,0.038114192089345314,0.25274725274725274,0
G_026795,武江区,2023,2024,2023,0,0.1266856372112611,-15.731948144039,-0.1774590919229006,-2.2720818384495782,0.1445589843060275,0.0,low,LL,0,8,0.0371701536100547,0.24725274725274726,0
G_025574,武江区,2023,2024,2023,0,0.2999546761136722,-3.832973047299833,-0.1028752379995341,-0.7782425494464569,0.3670862646548276,0.1428571428571428,low,LL,0,7,0.036884354060635983,0.2417582417582418,0
G_058356,新丰县,2023,2024,2023,0,0.2476737724758729,-4.935408856223535,0.0033506326325578,2.594964009513485,0.4530373763344267,0.3333333333333333,low,LL,0,6,0.035602965047563905,0.2362637362637363,0
G_025181,武江区,2023,2024,2023,0,0.2587941722116513,-6.40468569981782,-0.0630961484647563,0.4957804024593768,0.3623553679329858,0.1428571428571428,low,LL,0,7,0.03552763062070524,0.23076923076923073,0
G_027607,武江区,2023,2024,2023,0,0.2790495707752718,-10.908855043171464,-0.1010412367754922,-1.1727614594752591,0.3810184707169184,0.5,low,LL,0,6,0.034370108688156396,0.22527472527472525,0
G_030119,曲江区,2023,2024,2023,0,0.2180215475033266,-7.108201078154639,-0.0964964279808922,-0.7134507237926488,0.4503700319146875,0.5714285714285714,low,LL,0,7,0.034198823210013225,0.21978021978021978,0
G_058998,新丰县,2023,2024,2023,0,0.3153104476690184,-3.932532406035464,-0.0998256445029676,-1.283535213087323,0.4362047358701623,0.4,low,LL,0,5,0.03244832036254041,0.2142857142857143,0
G_026797,武江区,2023,2024,2023,0,0.2461272567429072,-4.761013599502584,-0.0714304573392287,0.4645160351101847,0.3568459991332751,0.25,low,LL,0,8,0.031652412019884196,0.20879120879120883,0
G_012690,乳源瑶族自治县,2023,2024,2023,0,0.2913741972533801,-3.820347420476778,-0.0534855939144555,0.2143303523619866,0.3926696133858322,0.4,low,LL,0,5,0.03151746537015415,0.20329670329670335,0
G_025374,武江区,2023,2024,2023,0,0.2781141225294729,-4.256037349475074,-0.1069883887750089,-0.7186204658336983,0.3420984190601181,0.1428571428571428,low,LL,0,7,0.030302287548261583,0.19780219780219777,0
G_027610,武江区,2023,2024,2023,0,0.1308777479267,-14.472864436564512,-0.1444884679711366,-1.294825278047144,0.2427114353780934,0.0,low,LL,0,6,0.02984672936367686,0.1923076923076923,0
G_061223,新丰县,2023,2024,2023,0,0.3189874780535595,-3.018248922707402,-0.0671721104420973,0.3639769248487599,0.432167962092685,0.6666666666666666,low,LL,0,6,0.029658292932434837,0.18681318681318682,0
G_026184,武江区,2023,2024,2023,0,0.208085039039773,-7.139714891669064,-0.0801507331641951,0.2446768546400317,0.3048384285871016,0.0,low,LL,0,7,0.028960897679013706,0.18131868131868134,0
G_026592,武江区,2023,2024,2023,0,0.1648095803446526,-9.694843281594896,-0.2223982900257506,-4.586473850693947,0.2377555328892741,0.0,low,LL,0,8,0.028951653824098297,0.17582417582417587,0
G_026591,武江区,2023,2024,2023,0,0.0822476166341309,-16.367236352926422,-0.2936441905170551,-6.340573672418902,0.1459945851090887,0.0,low,LL,0,8,0.028489269155977034,0.17032967032967028,0
G_026793,武江区,2023,2024,2023,0,0.1565046192469161,-15.251703315013062,-0.1493705072698746,-1.6494082045410057,0.1216264125202175,0.0,low,LL,0,7,0.028109691790968856,0.1648351648351648,0
G_023768,武江区,2023,2024,2023,0,0.3196822316713719,-3.6717941706940382,-0.1478674317529337,-2.484095784304941,0.4702293039310987,0.7142857142857143,low,LL,0,7,0.027769281620752678,0.15934065934065933,0
G_060597,新丰县,2023,2024,2023,0,0.2665114950107354,-4.956813693003315,-0.1087106248817131,-1.1175840229739666,0.3414620790446065,0.3333333333333333,low,LL,0,6,0.027383676249245398,0.15384615384615385,0
G_027205,武江区,2023,2024,2023,0,0.2649897967613548,-5.165562242713312,-0.1240631250168022,-1.8339297287957712,0.3713913041842518,0.2857142857142857,low,LL,0,7,0.026902276828818694,0.14835164835164838,0
G_027946,曲江区,2023,2024,2023,0,0.2581747902940345,-3.753137823569009,-0.0917404870093456,-1.0800298086154916,0.4889049936645731,0.5,low,LL,0,6,0.026771172081950092,0.1428571428571429,0
G_026590,武江区,2023,2024,2023,0,0.0254030362521001,-19.748244558455035,-0.3169596637265924,-7.175206681154055,0.1393000502657728,0.0,low,LL,0,8,0.026636126412014745,0.13736263736263732,0
G_026995,武江区,2023,2024,2023,0,0.3126732863084044,-7.997145611418642,-0.1173588074022792,-2.10386467061534,0.2612204860870404,0.0,low,LL,0,5,0.025970915040514308,0.13186813186813184,0
G_054238,新丰县,2023,2024,2023,0,0.3193306718095792,-3.9587238552665793,-0.1234220868544535,-2.563695000253527,0.4720596358274528,0.6666666666666666,low,NS,0,3,0.024803186414745392,0.12637362637362637,0
G_059640,新丰县,2023,2024,2023,0,0.2260035038703514,-5.472437744984698,-0.116727624242207,-1.3412116537167948,0.3126217312315174,0.1666666666666666,low,LL,0,6,0.024747217839346247,0.1208791208791209,0
G_027170,曲江区,2023,2024,2023,0,0.283003204628084,-3.816329712332952,-0.1251594989924561,-1.866454225170872,0.3637016290363458,0.2,low,LL,0,5,0.02471163478387294,0.11538461538461542,0
G_052860,新丰县,2023,2024,2023,0,0.1646061953468854,-7.341452007653248,-0.0478618330193404,1.7538285857232472,0.4017982178542467,0.3333333333333333,low,LL,0,6,0.024621124238861744,0.10989010989010994,0
G_029441,曲江区,2023,2024,2023,0,0.3000042980106921,-3.0852743416763,-0.0540427267229952,-0.2238166538131731,0.41803968857466,0.5,low,LL,0,6,0.023901243620789596,0.10439560439560436,0
G_026794,武江区,2023,2024,2023,0,0.0,-19.4694269455398,-0.1295628527658242,0.1967646552251274,0.1265010120677761,0.0,low,LL,0,8,0.022526210049145665,0.09890109890109888,0
G_023561,武江区,2023,2024,2023,0,0.3099829160952493,-2.2224330766459435,-0.0780838611153559,-0.8565478065007515,0.3957195183752223,0.4285714285714285,low,LL,0,7,0.02120941803427126,0.09340659340659341,0
G_025974,武江区,2023,2024,2023,0,0.3073987442738944,-2.118501374694549,-0.0865930287911762,-0.5861410602229091,0.3860346046264766,0.0,low,LL,0,5,0.020306926927863674,0.08791208791208793,0
G_025986,武江区,2023,2024,2023,0,0.2834124819024847,-5.007436152259545,-0.0583891194248505,0.174719477829,0.3819934590889044,0.3333333333333333,low,LL,0,6,0.02003348846040105,0.08241758241758246,0
G_025571,武江区,2023,2024,2023,0,0.2984917175591365,-3.4013716524735766,-0.0063961760390734,2.515438621588088,0.4210591915302165,0.7142857142857143,low,LL,0,7,0.018755405535283605,0.07692307692307687,0
G_026385,武江区,2023,2024,2023,0,0.2124928856251771,-13.436678092736198,-0.1477862759123024,-2.2042645487484336,0.2446238514231928,0.2,low,LL,0,5,0.018566054398273194,0.0714285714285714,0
G_026589,武江区,2023,2024,2023,0,0.1422376762945081,-15.303969296884263,-0.156561598746726,-1.5978650488543913,0.113087560710076,0.0,low,LL,0,6,0.018113223613692803,0.06593406593406592,0
G_026388,武江区,2023,2024,2023,0,0.1716917159022669,-7.6108947560461235,-0.1018643194412823,-0.3834002560736991,0.2439031226126254,0.0,low,LL,0,7,0.017545358989117875,0.06043956043956045,0
G_061224,新丰县,2023,2024,2023,0,0.3088506775543533,-2.5879157821872645,-0.0363022499873935,0.7376071078186808,0.4131782456705573,0.6,low,LL,0,5,0.017085749794824193,0.05494505494505497,0
G_027403,武江区,2023,2024,2023,0,0.2195996665071422,-12.644431748128495,-0.1293888688007788,-1.3228389954822788,0.2720305501526275,0.0,low,LL,0,3,0.016854476465976882,0.0494505494505495,0
G_025379,武江区,2023,2024,2023,0,0.3040212710241768,-3.4420525685821604,-0.0704081986920657,-0.3351192746527895,0.4540220601428316,0.6666666666666666,low,LL,0,6,0.01530129975415111,0.04395604395604391,0
G_023980,武江区,2023,2024,2023,0,0.1312931590215985,-7.744235694106058,-0.3315464945193075,-8.451129934314364,0.3680718446805043,0.2857142857142857,low,LL,0,7,0.014115759083669435,0.038461538461538436,0
G_023771,武江区,2023,2024,2023,0,0.2557464201937925,-3.7919612671897416,-0.0995713023997795,-0.7698943395226054,0.301109393515612,0.1666666666666666,low,LL,0,6,0.013897802405656265,0.03296703296703296,0
G_053206,新丰县,2023,2024,2023,0,0.3019048274643767,-3.1628226228145047,-0.0286623326024147,1.1087828946813345,0.3885693990097156,0.5,low,LL,0,4,0.013362632843510872,0.027472527472527486,0
G_059639,新丰县,2023,2024,2023,0,0.3126448847161961,-2.625007623847126,-0.0804488619946967,-0.9826709346117166,0.288432187863309,0.0,low,LL,0,3,0.013144300004725768,0.02197802197802201,0
G_025582,武江区,2023,2024,2023,0,0.236811091725011,-5.298128813103361,-0.1182820381112434,-1.5406608539783306,0.4258512209542699,0.25,low,LL,0,4,0.010965300263158843,0.016483516483516536,0
G_025772,武江区,2023,2024,2023,0,0.2325868876344439,-4.975064083576588,-0.1332773474682068,-2.016678276434817,0.4291458940465342,0.6666666666666666,low,LL,0,6,0.010848721713782764,0.01098901098901095,0
G_025972,武江区,2023,2024,2023,0,0.2935155458118628,-3.225472222401512,-0.117270349158309,-1.65443298118718,0.4383074495845698,0.5,low,LL,0,4,0.009245360765630825,0.005494505494505475,0
G_026792,武江区,2023,2024,2023,0,0.1324975992969851,-10.058632608641323,-0.0874207367391136,0.5264692515659455,0.2074898932531169,0.0,low,LL,0,5,0.00880163999128082,0.0,0
